ages,sum,mean
1970s,11321,0.52482499652311
1980s,4120,0.190529041805401
1990s,21548,0.268584534077878
2000s,126029,0.0710540529264801
2010s,64441,0.115102606558463
